,City,Cloudiness,Country,Date,Humidity,Latitude,Longitude,Maximum Temperature,Wind Speed
0,Jieshou,0,CN,2019-10-28 21:42:23,14,33.26,115.35,296.32,0.28
1,Kirakira,100,SB,2019-10-28 21:42:24,83,-10.46,161.92,299.97,4.48
2,Coahuayana,100,MX,2019-10-28 21:42:24,93,18.62,-100.35,294.86,0.44
3,San Carlos,100,NI,2019-10-28 21:42:24,2,11.12,-84.78,296.48,4.47
4,Markova,33,RU,2019-10-28 21:42:24,44,52.21,104.21,284.15,4.0
5,Abu Dhabi,19,AE,2019-10-28 21:39:41,58,24.47,54.37,301.15,2.0
6,Mus,62,FR,2019-10-28 21:42:24,93,43.74,4.2,288.15,2.1
7,Haines Junction,99,CA,2019-10-28 21:42:25,91,60.75,-137.51,267.61,4.92
8,Elliot Lake,90,CA,2019-10-28 21:42:25,100,46.37,-82.65,281.15,2.1
9,Frankfort,1,US,2019-10-28 21:42:25,100,38.2,-84.87,285.15,1.49
10,San Matias,83,BO,2019-10-28 21:42:25,60,-16.36,-58.4,300.14,2.8
11,Bundaberg,75,AU,2019-10-28 21:42:25,54,-24.87,152.35,299.82,8.2
12,Alenquer,25,BR,2019-10-28 21:41:35,94,-1.95,-54.74,298.15,1.5
13,Nacala,1,MZ,2019-10-28 21:42:26,49,-14.56,40.69,303.23,4.46
14,Laguna,90,BZ,2019-10-28 21:42:26,100,16.17,-88.94,297.15,0.68
15,Lompoc,1,US,2019-10-28 21:42:26,66,34.64,-120.46,286.15,1.5
16,Thap Than,23,TH,2019-10-28 21:42:26,67,15.46,99.89,303.74,4.1
17,Henties Bay,0,NA,2019-10-28 21:42:26,86,-22.12,14.28,284.26,0.45
18,Huejuquilla el Alto,0,MX,2019-10-28 21:42:27,80,22.63,-103.9,287.1,1.04
19,Zyryanka,100,RU,2019-10-28 21:42:27,95,65.73,150.89,259.81,1.87
20,Lavrentiya,98,RU,2019-10-28 21:42:27,65,65.58,-170.99,270.13,4.01
21,Butaritari,50,KI,2019-10-28 21:42:27,71,3.07,172.79,302.69,3.89
22,Marsa Matruh,40,EG,2019-10-28 21:42:27,82,31.35,27.25,290.15,3.6
23,Santa Isabel,1,MX,2019-10-28 21:42:28,17,32.63,-115.58,287.15,1.5
24,Belyy Yar,100,RU,2019-10-28 21:42:28,50,53.6,91.39,285.15,12.0
25,Keti Bandar,93,PK,2019-10-28 21:42:28,53,24.14,67.45,304.68,6.61
26,Kamenka,100,MD,2019-10-28 21:42:28,87,48.03,28.7,279.26,2.72
27,Porgera,98,PG,2019-10-28 21:42:28,98,-5.46,143.15,286.14,0.64
28,Yellowknife,75,CA,2019-10-28 21:39:04,85,62.45,-114.38,261.15,3.1
29,Kaitangata,0,NZ,2019-10-28 21:42:29,66,-46.28,169.85,284.26,1.79
30,Avarua,100,CK,2019-10-28 21:42:29,73,-21.21,-159.78,295.15,3.1
31,Tandalti,25,SD,2019-10-28 21:42:29,22,13.01,31.87,302.03,6.81
32,Georgetown,8,GY,2019-10-28 21:42:29,100,6.8,-58.16,297.15,2.1
33,Spring Valley,90,US,2019-10-28 21:42:29,81,41.33,-89.2,281.48,3.6
34,Alofi,100,NU,2019-10-28 21:42:30,73,-19.06,-169.92,297.15,6.2
35,Jingdezhen,0,CN,2019-10-28 21:42:30,23,29.29,117.2,298.09,2.02
36,Kodiak,90,US,2019-10-28 21:42:30,96,39.95,-94.76,273.15,5.7
37,Fortuna,75,US,2019-10-28 21:42:30,87,40.6,-124.16,280.93,0.44
38,Kamina,100,CD,2019-10-28 21:42:30,87,-8.74,25.0,294.83,2.15
39,Ilulissat,0,GL,2019-10-28 21:42:30,53,69.22,-51.1,270.15,5.1
40,Hofn,34,IS,2019-10-28 21:42:31,46,64.25,-15.21,279.57,2.9
41,Sistranda,75,NO,2019-10-28 21:42:31,75,63.73,8.83,279.82,6.2
42,Cukai,75,MY,2019-10-28 21:42:31,83,4.25,103.42,304.15,1.0
43,Tonota,52,BW,2019-10-28 21:42:31,12,-21.44,27.46,298.15,4.1
44,Lazaro Cardenas,5,MX,2019-10-28 21:42:31,37,28.39,-105.62,289.26,4.1
45,Galle,0,GN,2019-10-28 21:42:32,93,10.08,-12.83,293.74,0.19
46,Polson,90,US,2019-10-28 21:42:32,56,47.69,-114.16,264.82,4.6
47,Staryy Nadym,40,RU,2019-10-28 21:42:32,92,65.61,72.68,258.49,5.19
48,Abilene,90,US,2019-10-28 21:38:57,60,32.45,-99.73,280.37,5.7
49,Perchtoldsdorf,90,AT,2019-10-28 21:42:33,87,48.12,16.27,280.93,2.1
50,Kapaa,20,US,2019-10-28 21:39:21,69,22.08,-159.32,301.15,3.6
51,Chuy,75,UY,2019-10-28 21:42:33,96,-33.69,-53.46,293.12,3.99
52,Bayir,0,TR,2019-10-28 21:42:33,93,37.27,28.22,283.15,1.5
53,Ngara,93,ID,2019-10-28 21:42:33,62,-8.5,120.99,301.13,1.78
54,Butembo,100,CD,2019-10-28 21:42:33,89,0.12,29.29,292.32,0.52
55,Airai,96,TL,2019-10-28 21:42:34,64,-8.93,125.41,298.1,2.8
56,Tulum,40,MX,2019-10-28 21:42:34,94,20.21,-87.46,299.82,3.94
57,Colonia,75,RO,2019-10-28 21:42:34,93,46.6,23.97,283.15,1.0
58,Bobon,89,PH,2019-10-28 21:42:34,81,12.53,124.56,301.83,3.36
59,Oberstdorf,75,DE,2019-10-28 21:42:34,93,47.41,10.28,281.48,2.1
60,Guerrero Negro,0,MX,2019-10-28 21:42:35,63,27.97,-114.04,291.77,3.38
61,Bayana,33,IN,2019-10-28 21:42:35,22,26.91,77.29,305.09,1.01
62,Kaeo,100,NZ,2019-10-28 21:42:35,80,-35.1,173.78,290.37,1.34
63,Itoman,75,JP,2019-10-28 21:42:35,69,26.12,127.67,302.04,6.2
64,Dingle,70,PH,2019-10-28 21:42:35,65,11.0,122.67,303.9,1.58
65,Arraial do Cabo,93,BR,2019-10-28 21:42:36,89,-22.97,-42.02,296.71,11.28
66,Kutulik,73,RU,2019-10-28 21:42:36,76,53.35,102.79,279.25,2.61
67,Penzance,100,GB,2019-10-28 21:42:36,93,50.12,-5.53,284.26,12.9
68,Najran,0,SA,2019-10-28 21:42:36,18,17.54,44.22,291.15,1.0
69,Bairnsdale,5,AU,2019-10-28 21:42:36,35,-37.83,147.63,296.06,4.7
70,Kalmunai,100,LK,2019-10-28 21:42:37,77,7.42,81.82,300.93,5.4
71,Xai-Xai,99,MZ,2019-10-28 21:42:37,66,-25.04,33.64,296.75,6.89
72,Careiro da Varzea,55,BR,2019-10-28 21:42:37,94,-3.2,-59.81,298.15,1.0
73,Nemuro,75,JP,2019-10-28 21:42:37,58,43.32,145.57,288.15,6.7
74,Tuktoyaktuk,90,CA,2019-10-28 21:42:37,86,69.44,-133.03,272.15,7.2
75,North Bend,1,US,2019-10-28 21:42:37,87,43.41,-124.22,281.48,3.1
76,Ancud,90,CL,2019-10-28 21:42:38,87,-41.87,-73.83,282.15,5.1
77,Qaanaaq,100,GL,2019-10-28 21:42:38,78,77.48,-69.36,261.02,3.22
78,Sabang,62,PH,2019-10-28 21:42:38,80,13.8,121.11,302.59,0.89
79,Mataura,31,NZ,2019-10-28 21:42:38,61,-46.19,168.86,284.82,6.26
80,Sulmona,1,IT,2019-10-28 21:42:38,93,42.05,13.93,283.71,2.6
81,Hilton Head Island,1,US,2019-10-28 21:42:38,100,32.16,-80.75,297.59,1.82
82,Finnsnes,40,NO,2019-10-28 21:42:39,92,69.23,17.98,269.15,6.2
83,Cherskiy,0,RU,2019-10-28 21:42:39,89,68.75,161.3,252.05,2.62
84,Sibolga,100,ID,2019-10-28 21:42:39,67,1.74,98.78,301.9,1.32
85,Atambua,79,ID,2019-10-28 21:42:40,62,-9.11,124.89,301.84,3.73
86,Ryotsu,100,JP,2019-10-28 21:42:40,82,38.08,138.43,291.15,0.5
87,San Quintin,30,PH,2019-10-28 21:42:40,70,17.54,120.52,302.6,3.03
88,Esperance,68,AU,2019-10-28 21:42:40,46,-33.86,121.89,294.15,5.1
89,Magaria,75,NE,2019-10-28 21:42:40,50,13.0,8.91,299.06,2.11
90,Lufilufi,75,WS,2019-10-28 21:42:41,83,-13.87,-171.6,300.15,3.6
91,Corinto,40,CO,2019-10-28 21:42:41,88,3.17,-76.26,295.15,2.1
92,Tyssedal,0,NO,2019-10-28 21:42:41,81,60.12,6.56,275.37,0.89
93,Juneau,90,US,2019-10-28 21:38:48,93,58.3,-134.42,279.15,0.26
94,Bansang,0,GM,2019-10-28 21:42:41,38,13.44,-14.66,294.55,1.46
95,Ofunato,75,JP,2019-10-28 21:42:41,77,39.11,141.75,288.15,3.1
96,Lasa,20,CY,2019-10-28 21:42:42,72,34.92,32.53,289.15,3.6
97,Caravelas,13,BR,2019-10-28 21:42:42,93,-17.73,-39.27,294.59,2.77
98,Yucca Valley,1,US,2019-10-28 21:42:42,17,34.12,-116.41,287.04,0.85
99,Bilibino,82,RU,2019-10-28 21:42:42,100,68.06,166.44,249.0,0.78
100,Lorengau,43,PG,2019-10-28 21:42:42,60,-2.02,147.27,302.68,0.13
101,Puerto Ayora,2,EC,2019-10-28 21:42:43,90,-0.74,-90.35,293.71,3.13
102,Mariental,100,BR,2019-10-28 21:42:43,88,-25.72,-49.65,291.48,1.0
103,Hilo,90,US,2019-10-28 21:42:43,65,19.71,-155.08,299.15,1.5
104,Ponta do Sol,98,BR,2019-10-28 21:42:43,93,-20.63,-46.0,291.53,0.5
105,Katsuura,90,JP,2019-10-28 21:42:44,93,33.93,134.5,290.37,3.1
106,Vestmanna,0,FO,2019-10-28 21:42:44,79,62.16,-7.17,277.15,0.5
107,Trairi,25,BR,2019-10-28 21:42:44,76,-3.28,-39.27,295.86,4.95
108,Simao,97,CN,2019-10-28 21:42:44,86,22.76,100.79,290.55,1.59
109,Bennettsville,90,US,2019-10-28 21:42:45,100,34.62,-79.68,293.15,1.5
110,Sitka,0,US,2019-10-28 21:42:45,87,37.17,-99.65,266.48,0.89
111,Flin Flon,100,CA,2019-10-28 21:41:10,86,54.77,-101.88,264.35,6.69
112,Port-Cartier,90,CA,2019-10-28 21:42:45,86,50.03,-66.88,278.15,2.1
113,Berlevag,75,NO,2019-10-28 21:42:45,63,70.86,29.09,273.15,9.3
114,Deputatskiy,86,RU,2019-10-28 21:42:46,96,69.3,139.9,251.13,0.69
115,Nikolskoye,90,RU,2019-10-28 21:42:46,97,59.7,30.79,273.15,0.41
116,Krasnoturansk,100,RU,2019-10-28 21:42:46,50,54.32,91.57,285.15,12.0
117,Gazanjyk,100,TM,2019-10-28 21:42:46,22,39.24,55.52,292.61,3.2
118,Ask,72,IR,2019-10-28 21:42:46,78,35.87,52.15,276.18,2.5
119,Gherghesti,75,RO,2019-10-28 21:42:46,93,46.5,27.52,282.15,3.6
120,Solnechnyy,100,RU,2019-10-28 21:42:47,69,50.72,136.64,277.12,1.14
121,Dondo,75,MZ,2019-10-28 21:42:47,74,-19.62,34.74,300.15,2.6
122,Saint-Augustin,20,CA,2019-10-28 21:42:47,100,45.63,-73.98,282.04,1.5
123,Jiazi,90,CN,2019-10-28 21:42:47,78,19.61,110.49,296.15,4.0
124,Srednekolymsk,93,RU,2019-10-28 21:42:47,84,67.46,153.71,257.04,3.44
125,Carnarvon,2,ZA,2019-10-28 21:42:48,45,-30.97,22.13,279.16,2.74
126,Raudeberg,40,NO,2019-10-28 21:42:48,65,61.99,5.14,278.15,3.6
127,Mackay,40,CA,2019-10-28 21:42:48,72,53.65,-115.58,263.15,4.1
128,Nanortalik,100,GL,2019-10-28 21:42:48,93,60.14,-45.24,276.6,3.44
129,Khani,75,GE,2019-10-28 21:42:49,93,41.96,42.96,283.15,1.5
130,Bud,91,NO,2019-10-28 21:42:49,93,62.91,6.91,278.15,1.0
131,Fomboni,11,KM,2019-10-28 21:42:49,80,-12.28,43.74,299.2,7.56
132,Bajram Curri,68,AL,2019-10-28 21:42:49,76,42.36,20.08,282.15,2.1
133,Atar,20,MR,2019-10-28 21:42:49,21,20.52,-13.05,298.47,2.75
134,Codrington,75,AU,2019-10-28 21:42:49,44,-28.95,153.24,301.15,5.7
135,Luang Prabang,75,LA,2019-10-28 21:42:50,65,19.89,102.14,301.15,3.1
136,Saint-Philippe,1,CA,2019-10-28 21:42:50,100,45.36,-73.48,282.59,2.1
137,Malanje,66,AO,2019-10-28 21:42:50,95,-9.54,16.35,291.76,2.93
138,Cabo San Lucas,5,MX,2019-10-28 21:42:37,68,22.89,-109.91,295.37,4.1
139,Bonthe,84,SL,2019-10-28 21:42:51,88,7.53,-12.5,297.93,1.47
140,Bubaque,0,GW,2019-10-28 21:42:51,83,11.28,-15.83,300.28,4.02
141,Castro,90,CL,2019-10-28 21:42:51,87,-42.48,-73.76,282.15,5.1
142,Rabo de Peixe,40,PT,2019-10-28 21:42:51,72,37.8,-25.58,293.15,8.7
143,Reconquista,0,AR,2019-10-28 21:42:51,95,-29.14,-59.64,296.34,3.2
144,Qaqortoq,100,GL,2019-10-28 21:42:52,74,60.72,-46.03,276.15,1.5
145,Morondava,45,MG,2019-10-28 21:42:52,39,-20.3,44.28,308.1,1.82
146,Nabire,90,ID,2019-10-28 21:42:52,70,-3.36,135.5,302.81,1.41
147,Coracora,100,PE,2019-10-28 21:42:52,44,-15.02,-73.78,283.46,1.01
148,San Patricio,78,PY,2019-10-28 21:42:52,53,-26.98,-56.83,300.76,3.45
149,Pandan,52,PH,2019-10-28 21:42:52,69,11.72,122.09,301.27,1.47
150,Sampit,100,ID,2019-10-28 21:42:53,43,-2.54,112.95,307.04,1.91
151,Varzea Grande,51,BR,2019-10-28 21:42:53,79,-29.42,-50.86,296.48,0.89
152,Leningradskiy,99,RU,2019-10-28 21:42:53,91,69.38,178.42,262.61,15.03
153,Souillac,90,FR,2019-10-28 21:42:53,100,45.6,-0.6,287.15,3.1
154,Altinopolis,100,BR,2019-10-28 21:42:53,73,-21.03,-47.37,297.15,0.5
155,Mugur-Aksy,97,RU,2019-10-28 21:42:54,81,50.38,90.44,270.95,4.08
156,Lata,0,IN,2019-10-28 21:42:54,33,30.78,78.62,279.57,3.43
157,Snezhnogorsk,75,RU,2019-10-28 21:42:54,92,69.19,33.23,265.15,1.0
158,Kysyl-Syr,53,RU,2019-10-28 21:42:54,85,63.9,122.77,265.15,3.07
159,Caborca,47,MX,2019-10-28 21:42:54,77,30.58,-111.1,284.26,0.41
160,Noumea,0,NC,2019-10-28 21:41:49,47,-22.28,166.46,300.15,7.7
161,Leshukonskoye,94,RU,2019-10-28 21:42:55,82,64.9,45.76,269.32,3.42
162,Severo-Kurilsk,67,RU,2019-10-28 21:42:55,93,50.68,156.12,275.01,4.24
163,Bluff,100,AU,2019-10-28 21:42:55,39,-23.58,149.07,301.57,8.81
164,Oranjemund,30,ZA,2019-10-28 21:42:55,49,-28.55,16.43,287.09,3.73
165,Longyearbyen,40,NO,2019-10-28 21:42:55,67,78.22,15.63,266.15,3.1
166,Chapais,90,CA,2019-10-28 21:42:55,93,49.78,-74.86,279.15,4.1
167,Oksfjord,90,NO,2019-10-28 21:42:56,92,70.24,22.35,272.15,13.9
168,Fukue,75,JP,2019-10-28 21:42:56,93,35.03,136.69,289.26,3.6
169,Lebu,42,ET,2019-10-28 21:42:56,57,8.96,38.73,288.95,1.13
170,Yatou,95,CM,2019-10-28 21:42:56,88,3.63,9.81,296.17,0.91
171,Mitsamiouli,73,KM,2019-10-28 21:42:57,75,-11.38,43.28,298.63,3.32
172,Minbu,0,MM,2019-10-28 21:42:57,57,20.18,94.88,304.95,2.34
173,Naze,82,NG,2019-10-28 21:42:57,92,5.43,7.07,295.87,0.8
174,Russell,1,US,2019-10-28 21:42:57,92,38.9,-98.86,266.48,1.5
175,Aklavik,90,CA,2019-10-28 21:42:57,79,68.22,-135.01,271.15,3.1
176,Carstairs,75,CA,2019-10-28 21:42:58,66,51.56,-114.1,264.26,7.7
177,Dikson,100,RU,2019-10-28 21:42:58,89,73.51,80.55,261.14,3.94
178,Sioux Lookout,90,CA,2019-10-28 21:42:58,58,50.1,-91.92,270.15,4.6
179,Sikasso,0,ML,2019-10-28 21:42:58,81,11.32,-5.68,295.99,1.54
180,Turukhansk,97,RU,2019-10-28 21:42:58,93,65.8,87.96,261.75,3.76
181,Tabira,11,BR,2019-10-28 21:42:58,91,-7.58,-37.54,290.57,5.47
182,Kalianget,20,ID,2019-10-28 21:42:59,49,-7.35,109.91,307.59,4.1
183,Mezen,95,RU,2019-10-28 21:42:59,79,65.85,44.24,269.0,4.98
184,Belmonte,58,PT,2019-10-28 21:42:59,96,40.36,-7.35,288.15,1.15
185,Jiayuguan,0,CN,2019-10-28 21:42:59,13,39.77,98.29,287.19,9.88
186,Palenque,100,MX,2019-10-28 21:42:59,94,17.51,-91.98,296.27,1.24
187,San Luis,12,AR,2019-10-28 21:43:00,53,-33.3,-66.34,290.28,8.14
188,Cockburn Town,72,TC,2019-10-28 21:43:00,80,21.46,-71.14,300.97,8.31
189,Jaynagar,26,IN,2019-10-28 21:43:00,54,26.59,86.14,301.07,2.28
190,Kyshtovka,47,RU,2019-10-28 21:43:00,73,56.56,76.62,275.08,8.63
191,Bredasdorp,4,ZA,2019-10-28 21:43:00,76,-34.53,20.04,285.93,5.1
192,Chuchkovo,0,RU,2019-10-28 21:43:01,80,54.27,41.45,275.79,0.31
193,Teknaf,3,BD,2019-10-28 21:43:01,46,20.86,92.31,306.69,1.4
194,Yerbogachen,74,RU,2019-10-28 21:43:01,83,61.28,108.01,266.94,2.86
195,Hede,0,SE,2019-10-28 21:43:01,74,60.45,15.49,274.15,4.6
196,Nandi,40,IN,2019-10-28 21:43:01,100,13.39,77.7,301.48,4.1
197,Okoneshnikovo,39,RU,2019-10-28 21:43:01,62,54.84,75.08,280.59,9.98
198,Hamilton,5,CA,2019-10-28 21:43:02,81,43.26,-79.87,282.15,2.1
199,Hovd,75,NO,2019-10-28 21:43:02,86,63.83,10.7,279.82,5.7
200,Nola,98,CF,2019-10-28 21:43:02,98,3.52,16.05,293.87,0.24
201,Aitape,100,PG,2019-10-28 21:43:02,66,-3.15,142.36,302.42,2.3
202,Marzuq,0,YE,2019-10-28 21:43:02,20,14.4,46.47,299.38,0.65
203,Grindavik,75,IS,2019-10-28 21:43:03,93,63.84,-22.43,280.15,6.2
204,Kamaishi,75,JP,2019-10-28 21:43:03,77,39.28,141.86,288.15,3.1
205,Gambo,100,CF,2019-10-28 21:43:03,93,4.65,22.26,295.12,0.4
206,Tautira,40,PF,2019-10-28 21:43:03,69,-17.73,-149.15,300.15,1.0
207,Ahipara,47,NZ,2019-10-28 21:43:03,80,-35.17,173.16,289.26,0.45
208,Keetmanshoop,0,NA,2019-10-28 21:43:04,44,-26.57,18.15,283.55,7.64
209,Kashan,0,IR,2019-10-28 21:43:04,100,33.99,51.44,284.15,1.0
210,Denpasar,20,ID,2019-10-28 21:43:04,58,-8.65,115.22,304.15,4.1
211,Ribeira Grande,43,PT,2019-10-28 21:43:04,77,38.52,-28.7,289.71,9.3
212,Pyatnitskoye,40,RU,2019-10-28 21:43:05,80,54.34,35.89,274.15,3.2
213,Hervey Bay,75,AU,2019-10-28 21:43:05,54,-25.3,152.85,299.82,8.2
214,Hobart,94,AU,2019-10-28 21:42:05,9,-42.88,147.33,300.15,11.3
215,San Policarpo,100,PH,2019-10-28 21:43:06,69,12.18,125.51,302.39,2.54
216,Semme,90,FR,2019-10-28 21:43:06,100,46.2,1.5,285.15,1.5
217,Ostrovnoy,97,RU,2019-10-28 21:43:06,86,68.05,39.51,268.07,2.98
218,Labuhan,100,ID,2019-10-28 21:43:06,41,-2.54,115.51,306.83,0.84
219,Hasaki,90,JP,2019-10-28 21:43:06,93,35.73,140.83,289.15,3.1
220,Dijkot,0,PK,2019-10-28 21:43:07,12,31.22,73.0,306.67,3.12
221,Dunedin,31,NZ,2019-10-28 21:43:07,71,-45.87,170.5,284.26,4.47
222,Busselton,100,AU,2019-10-28 21:43:07,31,-33.64,115.35,296.48,4.81
223,Necochea,52,AR,2019-10-28 21:43:07,95,-38.55,-58.74,283.15,1.79
224,Abeche,75,TD,2019-10-28 21:43:08,28,13.83,20.83,298.13,5.58
225,Saldanha,69,PT,2019-10-28 21:43:08,97,41.42,-6.55,284.62,0.88
226,Husavik,89,CA,2019-10-28 21:43:08,89,50.56,-96.99,271.48,1.79
227,Mahibadhoo,100,MV,2019-10-28 21:43:08,73,3.78,72.97,301.31,5.73
228,Teguldet,97,RU,2019-10-28 21:43:08,69,57.31,88.17,281.79,8.18
229,Progreso,90,UY,2019-10-28 21:43:08,100,-34.68,-56.22,290.37,6.2
230,Taltal,0,CL,2019-10-28 21:43:09,78,-25.41,-70.49,284.1,0.64
231,Guilin,0,CN,2019-10-28 21:43:09,53,25.28,110.29,296.15,2.0
232,Tazovskiy,87,RU,2019-10-28 21:43:09,96,67.47,78.7,257.23,4.68
233,Cairns,90,AU,2019-10-28 21:40:09,65,-16.92,145.77,300.15,2.1
234,Luckenwalde,75,DE,2019-10-28 21:43:09,100,52.09,13.16,279.26,1.0
235,Christiana,0,ZA,2019-10-28 21:43:10,28,-27.91,25.16,283.96,5.91
236,Rio Gallegos,90,AR,2019-10-28 21:43:10,80,-51.62,-69.22,277.15,3.1
237,West Wendover,90,US,2019-10-28 21:43:10,47,40.74,-114.07,275.15,7.2
238,Yamada,75,JP,2019-10-28 21:43:10,77,36.58,137.08,290.37,3.1
239,Matara,54,BI,2019-10-28 21:43:10,77,-3.48,29.48,292.5,0.45
240,Kahului,40,US,2019-10-28 21:42:02,61,20.89,-156.47,300.15,6.7
241,Pevek,100,RU,2019-10-28 21:43:11,93,69.7,170.27,256.12,2.62
242,Tigil,100,RU,2019-10-28 21:43:11,88,57.8,158.67,272.5,3.19
243,Portland,90,US,2019-10-28 21:38:41,93,43.66,-70.25,282.59,4.21
244,Taitung,40,TW,2019-10-28 21:43:11,62,22.76,121.15,302.15,5.1
245,Benjamin Aceval,85,PY,2019-10-28 21:43:11,58,-24.97,-57.57,302.15,5.7
246,Cayenne,74,GF,2019-10-28 21:43:11,94,4.94,-52.33,297.15,1.65
247,Hami,32,CN,2019-10-28 21:43:12,19,42.84,93.51,286.83,2.75
248,Olinda,5,AU,2019-10-28 21:43:12,17,-37.84,145.39,303.15,6.2
249,Mount Gambier,17,AU,2019-10-28 21:43:12,24,-37.83,140.78,300.15,10.8
250,Port Hardy,20,CA,2019-10-28 21:43:12,100,50.7,-127.42,274.15,2.1
251,Polyarnyy,75,RU,2019-10-28 21:43:12,92,69.2,33.45,265.15,1.0
252,Sainte-Anne-des-Monts,100,CA,2019-10-28 21:43:13,90,49.13,-66.49,276.16,2.95
253,Los Llanos de Aridane,37,ES,2019-10-28 21:43:13,64,28.66,-17.92,296.48,2.1
254,Immokalee,1,US,2019-10-28 21:43:13,88,26.42,-81.42,301.15,2.57
255,Ambovombe,4,MG,2019-10-28 21:43:13,25,-25.18,46.09,309.32,1.88
256,Iracoubo,40,GF,2019-10-28 21:43:13,79,5.48,-53.21,300.81,6.22
257,Ranfurly,86,CA,2019-10-28 21:43:14,84,53.41,-111.68,263.52,5.75
258,Ceres,46,BR,2019-10-28 21:43:14,86,-15.31,-49.6,292.91,1.68
259,Calama,1,CL,2019-10-28 21:43:14,29,-22.46,-68.93,285.37,8.7
260,Nhulunbuy,40,AU,2019-10-28 21:43:14,43,-12.18,136.78,305.15,7.2
261,Bambous Virieux,75,MU,2019-10-28 21:43:14,73,-20.34,57.76,298.71,3.1
262,Shingu,75,JP,2019-10-28 21:43:14,93,33.72,135.99,291.15,3.1
263,Mbekenyera,13,TZ,2019-10-28 21:43:15,51,-10.0,38.98,300.31,2.65
264,Yulara,0,AU,2019-10-28 21:43:15,7,-25.24,130.99,306.15,2.1
265,Saskylakh,0,RU,2019-10-28 21:43:15,98,71.97,114.09,253.71,2.87
266,Thompson,90,CA,2019-10-28 21:43:15,85,55.74,-97.86,265.15,5.1
267,Upernavik,100,GL,2019-10-28 21:43:16,95,72.79,-56.15,270.38,4.24
268,Ito,75,JP,2019-10-28 21:43:16,93,34.93,139.09,289.15,7.2
269,Rikitea,47,PF,2019-10-28 21:43:16,84,-23.12,-134.97,294.88,5.78
270,Vallenar,17,CL,2019-10-28 21:43:16,64,-28.58,-70.76,282.95,0.99
271,New Norfolk,38,AU,2019-10-28 21:43:16,9,-42.78,147.06,300.15,11.3
272,Mairana,62,BO,2019-10-28 21:43:17,98,-18.12,-63.96,289.03,1.16
273,Pisco,25,PE,2019-10-28 21:43:17,82,-13.71,-76.2,290.37,3.1
274,Atuona,12,PF,2019-10-28 21:43:17,76,-9.8,-139.03,299.88,7.02
275,Pacific Grove,1,US,2019-10-28 21:43:17,37,36.62,-121.92,286.48,2.1
276,Shubarshi,64,KZ,2019-10-28 21:43:17,27,48.59,57.19,286.8,5.8
277,La Rioja,0,AR,2019-10-28 21:39:24,76,-29.41,-66.86,290.63,0.5
278,Severodvinsk,40,RU,2019-10-28 21:43:18,100,64.56,39.82,267.15,2.0
279,Pimenta Bueno,51,BR,2019-10-28 21:43:18,85,-11.68,-61.19,295.32,0.75
280,Port Macquarie,0,AU,2019-10-28 21:43:18,50,-31.43,152.91,297.15,9.8
281,Port Elizabeth,90,US,2019-10-28 21:43:18,82,39.31,-74.98,288.71,1.17
282,East London,0,ZA,2019-10-28 21:43:19,45,-33.02,27.91,289.15,7.7
283,Acapulco,75,MX,2019-10-28 21:41:59,88,16.86,-99.88,300.15,2.6
284,Palana,100,RU,2019-10-28 21:43:19,71,59.08,159.95,273.28,1.89
285,Alta Floresta,30,BR,2019-10-28 21:43:19,94,-9.87,-56.08,294.1,0.57
286,Grand Gaube,75,MU,2019-10-28 21:43:19,73,-20.01,57.66,298.71,3.1
287,Northam,94,AU,2019-10-28 21:43:19,36,-31.65,116.67,298.15,7.2
288,Masallatah,92,LY,2019-10-28 21:43:20,59,32.62,14.0,292.38,4.13
289,Bonfim,100,BR,2019-10-28 21:43:20,92,-20.33,-44.24,290.4,0.15
290,Cidreira,60,BR,2019-10-28 21:43:20,77,-30.17,-50.22,296.46,5.28
291,Sosnovo-Ozerskoye,100,RU,2019-10-28 21:43:20,81,52.53,111.54,274.49,7.52
292,Kudahuvadhoo,45,MV,2019-10-28 21:43:20,69,2.67,72.89,301.4,1.59
293,Vardo,40,US,2019-10-28 21:43:21,87,39.62,-77.74,287.15,2.65
294,Linfen,0,CN,2019-10-28 21:43:21,19,36.09,111.52,292.5,2.51
295,Mahebourg,75,MU,2019-10-28 21:43:21,73,-20.41,57.7,298.71,3.1
296,Salmo,50,CA,2019-10-28 21:43:21,30,49.19,-117.28,272.59,1.79
297,Vizinga,64,RU,2019-10-28 21:43:21,87,61.08,50.08,267.54,2.92
298,Dvorichna,72,UA,2019-10-28 21:43:22,73,49.85,37.68,280.57,2.31
299,Yar-Sale,75,RU,2019-10-28 21:43:22,81,66.83,70.83,261.51,7.34
300,Nome,40,US,2019-10-28 21:43:22,93,30.04,-94.42,294.26,1.5
301,Maraba,25,BR,2019-10-28 21:43:22,88,-5.35,-49.1,299.15,1.0
302,Vanavara,92,RU,2019-10-28 21:43:22,96,60.35,102.28,271.89,1.77
303,Igarka,56,RU,2019-10-28 21:43:23,95,67.47,86.57,256.67,2.79
304,Sao Joao da Barra,0,BR,2019-10-28 21:43:23,86,-21.64,-41.05,296.93,8.46
305,San Angelo,90,US,2019-10-28 21:40:24,75,31.46,-100.44,281.48,5.7
306,Makakilo City,20,US,2019-10-28 21:41:57,69,21.35,-158.09,300.15,3.6
307,Minas Novas,70,BR,2019-10-28 21:30:52,89,-17.22,-42.59,291.87,0.4
308,Imbituba,84,BR,2019-10-28 21:43:23,88,-28.24,-48.67,296.15,4.6
309,Iskateley,50,RU,2019-10-28 21:43:24,90,67.68,53.15,263.22,2.7
310,Kloulklubed,75,PW,2019-10-28 21:43:24,94,7.04,134.26,299.15,1.5
311,Kruisfontein,86,ZA,2019-10-28 21:43:24,65,-34.0,24.73,283.57,6.2
312,Garowe,100,SO,2019-10-28 21:43:24,68,8.41,48.48,299.29,2.32
313,Provideniya,40,RU,2019-10-28 21:43:24,74,64.42,-173.23,271.15,7.0
314,Constitucion,0,MX,2019-10-28 21:43:24,71,23.99,-104.67,287.71,1.62
315,Chokurdakh,14,RU,2019-10-28 21:43:25,90,70.62,147.9,252.65,0.94
316,Turtas,33,RU,2019-10-28 21:43:25,65,58.94,69.13,269.55,4.63
317,Joensuu,75,FI,2019-10-28 21:43:25,92,62.6,29.76,270.37,2.1
318,Port Hawkesbury,1,CA,2019-10-28 21:43:25,93,45.62,-61.36,278.71,2.1
319,Rincon,87,PA,2019-10-28 21:43:25,100,8.46,-82.28,290.93,1.07
320,Bambanglipuro,72,ID,2019-10-28 21:43:26,51,-7.95,110.28,303.84,5.54
321,Boortmeerbeek,96,BE,2019-10-28 21:43:26,93,50.98,4.57,281.48,1.5
322,Point Pedro,100,LK,2019-10-28 21:43:26,82,9.82,80.23,300.51,8.7
323,Sovetskiy,0,RU,2019-10-28 21:43:26,63,56.76,48.47,271.2,1.68
324,Matiri,12,UG,2019-10-28 21:43:26,86,0.58,30.76,293.11,0.99
325,Waingapu,12,ID,2019-10-28 21:43:27,69,-9.65,120.26,301.69,3.58
326,Vaini,40,IN,2019-10-28 21:43:27,78,15.34,74.49,298.15,4.1
327,Vrangel,12,RU,2019-10-28 21:43:27,64,42.73,133.08,283.65,12.2
328,Havre-Saint-Pierre,90,CA,2019-10-28 21:43:27,79,50.23,-63.6,274.15,1.0
329,Norman Wells,90,CA,2019-10-28 21:43:27,79,65.28,-126.83,270.15,8.7
330,Komsomolskiy,38,RU,2019-10-28 21:43:27,91,67.55,63.78,261.89,6.39
331,Karratha,0,AU,2019-10-28 21:43:28,66,-20.74,116.85,300.69,5.16
332,Campos Novos,100,BR,2019-10-28 21:43:28,95,-27.4,-51.22,290.07,1.28
333,Macklin,100,CA,2019-10-28 21:43:28,83,52.34,-109.94,263.55,7.64
334,Okha,89,RU,2019-10-28 21:43:28,80,53.59,142.95,277.87,6.15
335,Fairview,5,CA,2019-10-28 21:43:28,78,56.07,-118.38,262.04,2.6
336,Kasungu,17,MW,2019-10-28 21:43:29,31,-13.04,33.48,302.45,5.3
337,Adrar,19,DZ,2019-10-28 21:42:06,43,27.87,-0.29,291.14,2.27
338,Bethel,90,US,2019-10-28 21:43:29,100,60.79,-161.76,279.15,5.1
339,Luderitz,0,NA,2019-10-28 21:43:29,62,-26.65,15.16,287.08,8.71
340,Garachine,99,PA,2019-10-28 21:43:29,81,8.06,-78.36,300.21,4.68
341,Harper,90,US,2019-10-28 21:43:29,72,30.3,-99.24,295.37,5.1
342,Hermanus,76,ZA,2019-10-28 21:43:30,67,-34.42,19.24,285.93,3.58
343,Menomonie,90,US,2019-10-28 21:43:30,86,44.88,-91.92,272.59,1.91
344,Kenai,1,US,2019-10-28 21:43:30,81,60.55,-151.26,280.15,2.6
345,Cocula,40,MX,2019-10-28 21:43:30,72,20.37,-103.82,290.15,1.5
346,Sarahan,0,IN,2019-10-28 21:43:30,22,31.51,77.79,284.0,2.9
347,Abha,0,SA,2019-10-28 21:43:31,87,18.22,42.5,290.15,2.33
348,Pangnirtung,0,CA,2019-10-28 21:43:31,76,66.15,-65.72,267.82,5.79
349,Abonnema,9,NG,2019-10-28 21:43:31,93,4.71,6.79,296.29,2.12
350,Stephenville,5,CA,2019-10-28 21:43:31,92,48.55,-58.59,272.15,1.5
351,Shwebo,0,MM,2019-10-28 21:43:31,65,22.57,95.7,303.31,2.51
352,The Valley,75,AI,2019-10-28 21:38:55,69,18.22,-63.06,301.15,5.1
353,San Andres,19,PH,2019-10-28 21:43:32,55,13.32,122.68,305.06,1.82
354,Perth,88,AU,2019-10-28 21:39:31,39,-31.95,115.86,299.26,2.6
355,Hay River,20,CA,2019-10-28 21:43:32,92,60.82,-115.79,261.15,2.6
356,Surt,100,LY,2019-10-28 21:43:32,40,31.21,16.59,294.85,2.96
357,Clyde River,90,CA,2019-10-28 21:43:32,92,70.47,-68.59,272.15,6.7
358,Kavieng,3,PG,2019-10-28 21:43:33,64,-2.57,150.8,302.83,1.46
359,Muisne,100,EC,2019-10-28 21:43:33,89,0.61,-80.02,296.46,5.53
360,Pantai Remis,75,MY,2019-10-28 21:43:33,70,4.46,100.63,304.15,1.5
361,Tiksi,61,RU,2019-10-28 21:43:33,90,71.64,128.87,254.01,0.76
362,Aykhal,90,RU,2019-10-28 21:43:33,92,65.95,111.51,261.15,3.0
363,Daru,88,PG,2019-10-28 21:43:34,70,-9.07,143.21,301.85,4.78
364,Jalu,0,LY,2019-10-28 21:43:34,34,29.03,21.55,293.17,4.33
365,Albany,40,US,2019-10-28 21:41:57,87,42.65,-73.75,285.93,2.1
366,Munsingen,90,DE,2019-10-28 21:43:34,87,48.41,9.5,280.37,3.1
367,Ambilobe,17,MG,2019-10-28 21:43:34,38,-13.19,49.05,304.86,3.26
368,Sao Filipe,35,CV,2019-10-28 21:43:35,61,14.9,-24.5,298.87,4.16
369,Bucerias,5,MX,2019-10-28 21:43:35,78,20.76,-105.33,300.15,1.5
370,Sumenep,1,ID,2019-10-28 21:43:35,60,-7.02,113.87,303.33,4.51
371,Beringovskiy,0,RU,2019-10-28 21:43:35,61,63.05,179.32,267.55,6.52
372,Half Moon Bay,0,US,2019-10-28 21:43:35,50,37.46,-122.43,287.59,1.5
373,Mansa,75,IN,2019-10-28 21:43:36,74,23.43,72.66,301.15,3.1
374,Port Alfred,38,ZA,2019-10-28 21:43:36,52,-33.59,26.89,288.71,4.02
375,Passo Fundo,2,BR,2019-10-28 21:43:36,91,-28.26,-52.41,293.24,3.79
376,Nemyriv,40,UA,2019-10-28 21:43:36,100,50.1,23.44,276.48,2.03
377,Rawson,100,AR,2019-10-28 21:43:36,54,-43.3,-65.11,287.74,6.45
378,Scarborough,0,GB,2019-10-28 21:43:37,73,54.28,-0.41,280.37,3.1
379,Hithadhoo,29,MV,2019-10-28 21:43:37,73,-0.6,73.08,301.09,3.58
380,Hokitika,26,NZ,2019-10-28 21:43:37,68,-42.72,170.96,284.19,9.7
381,Malindi,0,KE,2019-10-28 21:43:37,63,-3.22,40.12,302.0,2.35
382,Gornopravdinsk,35,RU,2019-10-28 21:43:37,83,60.06,69.92,267.42,4.23
383,Neuquen,20,AR,2019-10-28 21:43:38,37,-38.95,-68.06,287.15,4.6
384,Murdochville,95,CA,2019-10-28 21:43:38,91,48.96,-65.49,275.2,2.35
385,Nuevo Progreso,75,US,2019-10-28 21:43:38,83,26.05,-97.95,299.15,3.87
386,Fort Nelson,5,CA,2019-10-28 21:43:39,62,58.81,-122.69,266.15,1.0
387,Yeppoon,40,AU,2019-10-28 21:43:39,39,-23.13,150.74,301.15,6.2
388,Noyabrsk,42,RU,2019-10-28 21:43:39,90,63.2,75.45,260.92,5.97
389,Saint George,20,GR,2019-10-28 21:43:39,76,39.45,22.34,283.15,3.1
390,Cape Town,40,ZA,2019-10-28 21:40:53,93,-33.93,18.42,285.37,2.6
391,Redlands,1,US,2019-10-28 21:43:39,19,34.06,-117.19,290.15,0.99
392,Cap Malheureux,75,MU,2019-10-28 21:43:40,73,-19.98,57.61,298.71,3.1
393,Brae,80,GB,2019-10-28 21:43:40,87,60.4,-1.35,279.15,3.6
394,Porto Belo,88,BR,2019-10-28 21:43:40,88,-27.15,-48.54,296.15,4.6
395,Te Anau,27,NZ,2019-10-28 21:43:40,69,-45.41,167.72,281.1,2.84
396,Sisimiut,3,GL,2019-10-28 21:43:41,74,66.94,-53.67,268.05,2.42
397,Port Hedland,1,AU,2019-10-28 21:40:42,46,-20.31,118.58,307.15,6.2
398,Talavera,100,PE,2019-10-28 21:43:41,95,-13.65,-73.43,282.55,0.71
399,Vila Velha,40,BR,2019-10-28 21:43:41,61,-3.71,-38.6,300.15,8.2
400,Opportunity,90,US,2019-10-28 21:43:42,65,46.11,-112.83,259.26,4.6
401,Port-Gentil,100,GA,2019-10-28 21:43:42,84,-0.72,8.78,298.23,4.02
402,Praia da Vitoria,40,PT,2019-10-28 21:43:42,77,38.73,-27.07,291.15,12.52
403,Margate,94,AU,2019-10-28 21:43:42,9,-43.03,147.26,300.15,11.3
404,Iwanai,18,JP,2019-10-28 21:43:43,67,42.97,140.51,285.6,2.86
405,Hualmay,90,PE,2019-10-28 21:43:43,89,-11.1,-77.61,287.78,1.44
406,Barrow,26,AR,2019-10-28 21:43:43,97,-38.31,-60.23,279.42,2.39
407,Iqaluit,75,CA,2019-10-28 21:40:37,64,63.75,-68.52,274.15,9.3
408,Poum,13,MK,2019-10-28 21:43:43,49,41.28,20.71,282.17,0.59
409,General Roca,20,AR,2019-10-28 21:43:44,36,-39.03,-67.58,287.15,4.6
410,Poplar Bluff,90,US,2019-10-28 21:43:44,93,36.76,-90.39,287.15,3.6
411,Broken Hill,35,AU,2019-10-28 21:43:44,9,-31.97,141.45,304.15,4.1
412,Isangel,40,VU,2019-10-28 21:43:44,51,-19.55,169.27,301.15,6.7
413,Tianpeng,0,CN,2019-10-28 21:43:44,35,28.88,112.34,297.69,0.37
414,Talnakh,40,RU,2019-10-28 21:43:44,92,69.49,88.39,259.15,3.0
415,Lipari,40,IT,2019-10-28 21:43:45,77,38.47,14.95,293.71,2.1
416,Salalah,0,OM,2019-10-28 21:43:45,36,17.01,54.1,300.15,1.29
417,Faya,0,SA,2019-10-28 21:43:45,87,18.39,42.45,290.15,2.71
418,Saint Anthony,90,US,2019-10-28 21:43:45,78,43.97,-111.68,270.15,6.7
419,Usinsk,82,RU,2019-10-28 21:43:45,95,66.0,57.56,263.55,3.4
420,Requena,75,ES,2019-10-28 21:43:45,100,39.49,-1.1,288.71,1.5
421,San Cristobal,100,HN,2019-10-28 21:43:46,89,14.68,-86.92,291.19,1.26
422,Juru,0,BR,2019-10-28 21:43:46,86,-7.54,-37.82,291.55,2.94
423,Itarema,26,BR,2019-10-28 21:43:46,76,-2.92,-39.92,296.93,4.15
424,Khatanga,7,RU,2019-10-28 21:43:46,77,71.98,102.47,258.56,7.94
425,Porto Novo,99,BR,2019-10-28 21:43:46,73,-23.68,-45.44,295.15,3.1
426,Bathsheba,40,BB,2019-10-28 21:43:46,78,13.22,-59.52,301.15,5.7
427,Narsaq,100,GL,2019-10-28 21:43:47,74,60.91,-46.05,276.15,1.5
428,Hobyo,1,SO,2019-10-28 21:43:47,64,5.35,48.53,302.2,3.83
429,Kisangani,100,CD,2019-10-28 21:43:47,98,0.52,25.21,294.57,1.72
430,Paamiut,100,GL,2019-10-28 21:43:47,97,61.99,-49.67,275.73,0.99
431,Taoudenni,0,ML,2019-10-28 21:43:48,26,22.68,-3.98,295.64,3.4
432,Dudinka,40,RU,2019-10-28 21:43:48,92,69.41,86.18,259.15,3.0
433,Panguna,99,PG,2019-10-28 21:43:48,94,-6.32,155.48,297.62,0.47
434,Geraldton,90,CA,2019-10-28 21:43:48,79,49.72,-86.95,271.15,1.5
435,Jamestown,0,AU,2019-10-28 21:43:49,8,-33.21,138.6,303.41,4.65
436,General Pico,35,AR,2019-10-28 21:43:49,94,-35.66,-63.75,283.67,2.41
437,Kondinskoye,0,RU,2019-10-28 21:43:49,87,59.65,67.41,266.79,5.04
438,Carballo,69,ES,2019-10-28 21:43:49,88,43.21,-8.69,291.48,4.6
439,Virginia Beach,75,US,2019-10-28 21:39:15,88,36.85,-75.98,292.15,2.6
440,Nouadhibou,100,MR,2019-10-28 21:43:50,47,20.93,-17.03,300.15,6.2
441,Mwingi,72,KE,2019-10-28 21:43:50,74,-0.93,38.07,296.29,1.72
442,Coihaique,75,CL,2019-10-28 21:43:50,93,-45.58,-72.07,279.15,2.1
443,Kerouane,0,GN,2019-10-28 21:43:54,60,12.23,-12.34,292.54,1.3
444,Marystown,88,CA,2019-10-28 21:43:54,2,47.17,-55.16,278.71,0.89
445,Atyrau,40,KZ,2019-10-28 21:43:54,100,47.1,51.92,282.15,3.0
446,Chok Chai,20,TH,2019-10-28 21:43:54,62,14.73,102.17,305.15,5.1
